INSERT INTO pedido (id_pedido, dt_compra, id_canal_venda, metodo_pagamento) VALUES (1,' 2022-5-5', 3	,2);
INSERT INTO pedido (id_pedido, dt_compra, id_canal_venda, metodo_pagamento) VALUES (2,' 2022-8-7', 10	,5);
INSERT INTO pedido (id_pedido, dt_compra, id_canal_venda, metodo_pagamento) VALUES (3,' 2022-7-2', 6	,1);
INSERT INTO pedido (id_pedido, dt_compra, id_canal_venda, metodo_pagamento) VALUES (4,' 2022-1-29', 9	,3);
INSERT INTO pedido (id_pedido, dt_compra, id_canal_venda, metodo_pagamento) VALUES (5,' 2022-1-12', 11	,1);
INSERT INTO pedido (id_pedido, dt_compra, id_canal_venda, metodo_pagamento) VALUES (6,' 2022-2-15', 10	,4);
INSERT INTO pedido (id_pedido, dt_compra, id_canal_venda, metodo_pagamento) VALUES (7,' 2022-5-13', 5	,2);
INSERT INTO pedido (id_pedido, dt_compra, id_canal_venda, metodo_pagamento) VALUES (8,' 2022-5-9', 4	,3);
INSERT INTO pedido (id_pedido, dt_compra, id_canal_venda, metodo_pagamento) VALUES (9,' 2022-6-13', 4	,5);
INSERT INTO pedido (id_pedido, dt_compra, id_canal_venda, metodo_pagamento) VALUES (10, '2022-2-23', 8	,4);
INSERT INTO pedido (id_pedido, dt_compra, id_canal_venda, metodo_pagamento) VALUES (11, '2022-3-16', 9	,4);
INSERT INTO pedido (id_pedido, dt_compra, id_canal_venda, metodo_pagamento) VALUES (12, '2022-8-11', 2	,5);
INSERT INTO pedido (id_pedido, dt_compra, id_canal_venda, metodo_pagamento) VALUES (13, '2022-8-20', 5	,5);
INSERT INTO pedido (id_pedido, dt_compra, id_canal_venda, metodo_pagamento) VALUES (14, '2022-7-8', 5	,4);
INSERT INTO pedido (id_pedido, dt_compra, id_canal_venda, metodo_pagamento) VALUES (15, '2022-4-23', 2	,1);
INSERT INTO pedido (id_pedido, dt_compra, id_canal_venda, metodo_pagamento) VALUES (16, '2022-8-3', 7	,2);
INSERT INTO pedido (id_pedido, dt_compra, id_canal_venda, metodo_pagamento) VALUES (17, '2022-6-29', 7	,2);
INSERT INTO pedido (id_pedido, dt_compra, id_canal_venda, metodo_pagamento) VALUES (18, '2022-3-3', 11	,1);
INSERT INTO pedido (id_pedido, dt_compra, id_canal_venda, metodo_pagamento) VALUES (19, '2022-4-14', 4	,2);
INSERT INTO pedido (id_pedido, dt_compra, id_canal_venda, metodo_pagamento) VALUES (20, '2022-2-25', 4	,2);
INSERT INTO pedido (id_pedido, dt_compra, id_canal_venda, metodo_pagamento) VALUES (21, '2022-1-20', 5	,1);
INSERT INTO pedido (id_pedido, dt_compra, id_canal_venda, metodo_pagamento) VALUES (22, '2022-5-9', 9	,3);
INSERT INTO pedido (id_pedido, dt_compra, id_canal_venda, metodo_pagamento) VALUES (23, '2022-4-17', 10	,4);
INSERT INTO pedido (id_pedido, dt_compra, id_canal_venda, metodo_pagamento) VALUES (24, '2022-1-26', 5	,3);
INSERT INTO pedido (id_pedido, dt_compra, id_canal_venda, metodo_pagamento) VALUES (25, '2022-2-10', 2	,4);
INSERT INTO pedido (id_pedido, dt_compra, id_canal_venda, metodo_pagamento) VALUES (26, '2022-6-29', 7	,1);
INSERT INTO pedido (id_pedido, dt_compra, id_canal_venda, metodo_pagamento) VALUES (27, '2022-4-5', 6	,4);
INSERT INTO pedido (id_pedido, dt_compra, id_canal_venda, metodo_pagamento) VALUES (28, '2022-4-17', 4	,1);
INSERT INTO pedido (id_pedido, dt_compra, id_canal_venda, metodo_pagamento) VALUES (29, '2022-6-26', 1	,1);
INSERT INTO pedido (id_pedido, dt_compra, id_canal_venda, metodo_pagamento) VALUES (30, '2022-3-7', 2	,2);
INSERT INTO pedido (id_pedido, dt_compra, id_canal_venda, metodo_pagamento) VALUES (31, '2022-2-14', 8	,3);
INSERT INTO pedido (id_pedido, dt_compra, id_canal_venda, metodo_pagamento) VALUES (32, '2022-1-7', 8	,1);
INSERT INTO pedido (id_pedido, dt_compra, id_canal_venda, metodo_pagamento) VALUES (33, '2022-8-17', 3	,4);
INSERT INTO pedido (id_pedido, dt_compra, id_canal_venda, metodo_pagamento) VALUES (34, '2022-4-23', 6	,3);
INSERT INTO pedido (id_pedido, dt_compra, id_canal_venda, metodo_pagamento) VALUES (35, '2022-4-7', 9	,4);
INSERT INTO pedido (id_pedido, dt_compra, id_canal_venda, metodo_pagamento) VALUES (36, '2022-2-26', 5	,3);
INSERT INTO pedido (id_pedido, dt_compra, id_canal_venda, metodo_pagamento) VALUES (37, '2022-3-10', 10	,1);
INSERT INTO pedido (id_pedido, dt_compra, id_canal_venda, metodo_pagamento) VALUES (38, '2022-4-25', 10	,5);
INSERT INTO pedido (id_pedido, dt_compra, id_canal_venda, metodo_pagamento) VALUES (39, '2022-4-29', 1	,2);
INSERT INTO pedido (id_pedido, dt_compra, id_canal_venda, metodo_pagamento) VALUES (40, '2022-1-20', 11	,3);
INSERT INTO pedido (id_pedido, dt_compra, id_canal_venda, metodo_pagamento) VALUES (41, '2022-5-24', 5	,2);
INSERT INTO pedido (id_pedido, dt_compra, id_canal_venda, metodo_pagamento) VALUES (42, '2022-5-22', 1	,3);
INSERT INTO pedido (id_pedido, dt_compra, id_canal_venda, metodo_pagamento) VALUES (43, '2022-1-26', 6	,3);
INSERT INTO pedido (id_pedido, dt_compra, id_canal_venda, metodo_pagamento) VALUES (44, '2022-3-6', 7	,3);
INSERT INTO pedido (id_pedido, dt_compra, id_canal_venda, metodo_pagamento) VALUES (45, '2022-3-6', 7	,2);
INSERT INTO pedido (id_pedido, dt_compra, id_canal_venda, metodo_pagamento) VALUES (46, '2022-3-19', 2	,1);
INSERT INTO pedido (id_pedido, dt_compra, id_canal_venda, metodo_pagamento) VALUES (47, '2022-3-4', 4	,4);
INSERT INTO pedido (id_pedido, dt_compra, id_canal_venda, metodo_pagamento) VALUES (48, '2022-7-23', 6	,1);
INSERT INTO pedido (id_pedido, dt_compra, id_canal_venda, metodo_pagamento) VALUES (49, '2022-8-4', 10	,3);
INSERT INTO pedido (id_pedido, dt_compra, id_canal_venda, metodo_pagamento) VALUES (50, '2022-3-22', 3	,1);

INSERT INTO item_pedido (id_item_pedido, id_pedido, id_produto, qtd_comprada, vl_produto) VALUES(	1	,	41	,	6	,	15	,	25.00	);
INSERT INTO item_pedido (id_item_pedido, id_pedido, id_produto, qtd_comprada, vl_produto) VALUES(	2	,	9	,	6	,	23	,	25.00	);
INSERT INTO item_pedido (id_item_pedido, id_pedido, id_produto, qtd_comprada, vl_produto) VALUES(	3	,	15	,	2	,	13	,	75.50	);
INSERT INTO item_pedido (id_item_pedido, id_pedido, id_produto, qtd_comprada, vl_produto) VALUES(	4	,	18	,	7	,	17	,	12.60	);
INSERT INTO item_pedido (id_item_pedido, id_pedido, id_produto, qtd_comprada, vl_produto) VALUES(	5	,	26	,	7	,	16	,	12.60	);
INSERT INTO item_pedido (id_item_pedido, id_pedido, id_produto, qtd_comprada, vl_produto) VALUES(	6	,	36	,	12	,	16	,	3.50	);
INSERT INTO item_pedido (id_item_pedido, id_pedido, id_produto, qtd_comprada, vl_produto) VALUES(	7	,	25	,	12	,	8	,	3.50	);
INSERT INTO item_pedido (id_item_pedido, id_pedido, id_produto, qtd_comprada, vl_produto) VALUES(	8	,	37	,	13	,	17	,	5.90	);
INSERT INTO item_pedido (id_item_pedido, id_pedido, id_produto, qtd_comprada, vl_produto) VALUES(	9	,	13	,	9	,	18	,	199.99	);
INSERT INTO item_pedido (id_item_pedido, id_pedido, id_produto, qtd_comprada, vl_produto) VALUES(	10	,	5	,	8	,	15	,	15.99	);
INSERT INTO item_pedido (id_item_pedido, id_pedido, id_produto, qtd_comprada, vl_produto) VALUES(	11	,	13	,	8	,	5	,	15.99	);
INSERT INTO item_pedido (id_item_pedido, id_pedido, id_produto, qtd_comprada, vl_produto) VALUES(	12	,	33	,	10	,	21	,	16.75	);
INSERT INTO item_pedido (id_item_pedido, id_pedido, id_produto, qtd_comprada, vl_produto) VALUES(	13	,	36	,	14	,	18	,	1.50	);
INSERT INTO item_pedido (id_item_pedido, id_pedido, id_produto, qtd_comprada, vl_produto) VALUES(	14	,	43	,	4	,	18	,	2.00	);
INSERT INTO item_pedido (id_item_pedido, id_pedido, id_produto, qtd_comprada, vl_produto) VALUES(	15	,	1	,	5	,	20	,	2.50	);
INSERT INTO item_pedido (id_item_pedido, id_pedido, id_produto, qtd_comprada, vl_produto) VALUES(	16	,	31	,	5	,	22	,	2.50	);
INSERT INTO item_pedido (id_item_pedido, id_pedido, id_produto, qtd_comprada, vl_produto) VALUES(	17	,	6	,	11	,	22	,	2.50	);
INSERT INTO item_pedido (id_item_pedido, id_pedido, id_produto, qtd_comprada, vl_produto) VALUES(	18	,	6	,	10	,	10	,	16.75	);
INSERT INTO item_pedido (id_item_pedido, id_pedido, id_produto, qtd_comprada, vl_produto) VALUES(	19	,	28	,	6	,	11	,	25.00	);
INSERT INTO item_pedido (id_item_pedido, id_pedido, id_produto, qtd_comprada, vl_produto) VALUES(	20	,	32	,	3	,	24	,	1.99	);
INSERT INTO item_pedido (id_item_pedido, id_pedido, id_produto, qtd_comprada, vl_produto) VALUES(	21	,	26	,	14	,	20	,	1.50	);
INSERT INTO item_pedido (id_item_pedido, id_pedido, id_produto, qtd_comprada, vl_produto) VALUES(	22	,	10	,	11	,	21	,	2.50	);
INSERT INTO item_pedido (id_item_pedido, id_pedido, id_produto, qtd_comprada, vl_produto) VALUES(	23	,	21	,	14	,	17	,	1.50	);
INSERT INTO item_pedido (id_item_pedido, id_pedido, id_produto, qtd_comprada, vl_produto) VALUES(	24	,	46	,	8	,	13	,	15.99	);
INSERT INTO item_pedido (id_item_pedido, id_pedido, id_produto, qtd_comprada, vl_produto) VALUES(	25	,	27	,	4	,	3	,	2.00	);
INSERT INTO item_pedido (id_item_pedido, id_pedido, id_produto, qtd_comprada, vl_produto) VALUES(	26	,	17	,	11	,	2	,	2.50	);
INSERT INTO item_pedido (id_item_pedido, id_pedido, id_produto, qtd_comprada, vl_produto) VALUES(	27	,	47	,	5	,	3	,	2.50	);
INSERT INTO item_pedido (id_item_pedido, id_pedido, id_produto, qtd_comprada, vl_produto) VALUES(	28	,	20	,	7	,	24	,	12.60	);
INSERT INTO item_pedido (id_item_pedido, id_pedido, id_produto, qtd_comprada, vl_produto) VALUES(	29	,	48	,	14	,	10	,	1.50	);
INSERT INTO item_pedido (id_item_pedido, id_pedido, id_produto, qtd_comprada, vl_produto) VALUES(	30	,	50	,	8	,	13	,	15.99	);
INSERT INTO item_pedido (id_item_pedido, id_pedido, id_produto, qtd_comprada, vl_produto) VALUES(	31	,	28	,	4	,	21	,	2.00	);
INSERT INTO item_pedido (id_item_pedido, id_pedido, id_produto, qtd_comprada, vl_produto) VALUES(	32	,	40	,	13	,	6	,	5.90	);
INSERT INTO item_pedido (id_item_pedido, id_pedido, id_produto, qtd_comprada, vl_produto) VALUES(	33	,	46	,	11	,	24	,	2.50	);
INSERT INTO item_pedido (id_item_pedido, id_pedido, id_produto, qtd_comprada, vl_produto) VALUES(	34	,	45	,	5	,	11	,	2.50	);
INSERT INTO item_pedido (id_item_pedido, id_pedido, id_produto, qtd_comprada, vl_produto) VALUES(	35	,	17	,	7	,	8	,	12.60	);
INSERT INTO item_pedido (id_item_pedido, id_pedido, id_produto, qtd_comprada, vl_produto) VALUES(	36	,	14	,	5	,	22	,	2.50	);
INSERT INTO item_pedido (id_item_pedido, id_pedido, id_produto, qtd_comprada, vl_produto) VALUES(	37	,	30	,	8	,	19	,	15.99	);
INSERT INTO item_pedido (id_item_pedido, id_pedido, id_produto, qtd_comprada, vl_produto) VALUES(	38	,	48	,	14	,	20	,	1.50	);
INSERT INTO item_pedido (id_item_pedido, id_pedido, id_produto, qtd_comprada, vl_produto) VALUES(	39	,	7	,	9	,	9	,	199.99	);
INSERT INTO item_pedido (id_item_pedido, id_pedido, id_produto, qtd_comprada, vl_produto) VALUES(	40	,	2	,	9	,	23	,	199.99	);
INSERT INTO item_pedido (id_item_pedido, id_pedido, id_produto, qtd_comprada, vl_produto) VALUES(	41	,	23	,	2	,	19	,	75.50	);
INSERT INTO item_pedido (id_item_pedido, id_pedido, id_produto, qtd_comprada, vl_produto) VALUES(	42	,	9	,	11	,	6	,	2.50	);
INSERT INTO item_pedido (id_item_pedido, id_pedido, id_produto, qtd_comprada, vl_produto) VALUES(	43	,	33	,	5	,	11	,	2.50	);
INSERT INTO item_pedido (id_item_pedido, id_pedido, id_produto, qtd_comprada, vl_produto) VALUES(	44	,	33	,	15	,	2	,	5.99	);
INSERT INTO item_pedido (id_item_pedido, id_pedido, id_produto, qtd_comprada, vl_produto) VALUES(	45	,	45	,	4	,	22	,	2.00	);
INSERT INTO item_pedido (id_item_pedido, id_pedido, id_produto, qtd_comprada, vl_produto) VALUES(	46	,	20	,	6	,	19	,	25.00	);
INSERT INTO item_pedido (id_item_pedido, id_pedido, id_produto, qtd_comprada, vl_produto) VALUES(	47	,	8	,	4	,	14	,	2.00	);
INSERT INTO item_pedido (id_item_pedido, id_pedido, id_produto, qtd_comprada, vl_produto) VALUES(	48	,	12	,	4	,	13	,	2.00	);
INSERT INTO item_pedido (id_item_pedido, id_pedido, id_produto, qtd_comprada, vl_produto) VALUES(	49	,	49	,	4	,	13	,	2.00	);
INSERT INTO item_pedido (id_item_pedido, id_pedido, id_produto, qtd_comprada, vl_produto) VALUES(	50	,	40	,	5	,	5	,	2.50	);
INSERT INTO item_pedido (id_item_pedido, id_pedido, id_produto, qtd_comprada, vl_produto) VALUES(	51	,	38	,	8	,	10	,	15.99	);
INSERT INTO item_pedido (id_item_pedido, id_pedido, id_produto, qtd_comprada, vl_produto) VALUES(	52	,	9	,	8	,	3	,	15.99	);
INSERT INTO item_pedido (id_item_pedido, id_pedido, id_produto, qtd_comprada, vl_produto) VALUES(	53	,	37	,	12	,	22	,	3.50	);
INSERT INTO item_pedido (id_item_pedido, id_pedido, id_produto, qtd_comprada, vl_produto) VALUES(	54	,	23	,	12	,	25	,	3.50	);
INSERT INTO item_pedido (id_item_pedido, id_pedido, id_produto, qtd_comprada, vl_produto) VALUES(	55	,	10	,	14	,	15	,	1.50	);
INSERT INTO item_pedido (id_item_pedido, id_pedido, id_produto, qtd_comprada, vl_produto) VALUES(	56	,	33	,	11	,	21	,	2.50	);
INSERT INTO item_pedido (id_item_pedido, id_pedido, id_produto, qtd_comprada, vl_produto) VALUES(	57	,	44	,	8	,	1	,	15.99	);
INSERT INTO item_pedido (id_item_pedido, id_pedido, id_produto, qtd_comprada, vl_produto) VALUES(	58	,	16	,	6	,	4	,	25.00	);
INSERT INTO item_pedido (id_item_pedido, id_pedido, id_produto, qtd_comprada, vl_produto) VALUES(	59	,	35	,	15	,	18	,	5.99	);
INSERT INTO item_pedido (id_item_pedido, id_pedido, id_produto, qtd_comprada, vl_produto) VALUES(	60	,	7	,	6	,	1	,	25.00	);
INSERT INTO item_pedido (id_item_pedido, id_pedido, id_produto, qtd_comprada, vl_produto) VALUES(	61	,	47	,	14	,	6	,	1.50	);
INSERT INTO item_pedido (id_item_pedido, id_pedido, id_produto, qtd_comprada, vl_produto) VALUES(	62	,	19	,	2	,	8	,	75.50	);
INSERT INTO item_pedido (id_item_pedido, id_pedido, id_produto, qtd_comprada, vl_produto) VALUES(	63	,	31	,	11	,	13	,	2.50	);
INSERT INTO item_pedido (id_item_pedido, id_pedido, id_produto, qtd_comprada, vl_produto) VALUES(	64	,	39	,	10	,	25	,	16.75	);
INSERT INTO item_pedido (id_item_pedido, id_pedido, id_produto, qtd_comprada, vl_produto) VALUES(	65	,	2	,	8	,	1	,	15.99	);
INSERT INTO item_pedido (id_item_pedido, id_pedido, id_produto, qtd_comprada, vl_produto) VALUES(	66	,	34	,	8	,	19	,	15.99	);
INSERT INTO item_pedido (id_item_pedido, id_pedido, id_produto, qtd_comprada, vl_produto) VALUES(	67	,	47	,	3	,	5	,	1.99	);
INSERT INTO item_pedido (id_item_pedido, id_pedido, id_produto, qtd_comprada, vl_produto) VALUES(	68	,	33	,	1	,	25	,	2.99	);
INSERT INTO item_pedido (id_item_pedido, id_pedido, id_produto, qtd_comprada, vl_produto) VALUES(	69	,	47	,	15	,	8	,	5.99	);
INSERT INTO item_pedido (id_item_pedido, id_pedido, id_produto, qtd_comprada, vl_produto) VALUES(	70	,	39	,	8	,	6	,	15.99	);
INSERT INTO item_pedido (id_item_pedido, id_pedido, id_produto, qtd_comprada, vl_produto) VALUES(	71	,	37	,	6	,	10	,	25.00	);
INSERT INTO item_pedido (id_item_pedido, id_pedido, id_produto, qtd_comprada, vl_produto) VALUES(	72	,	37	,	7	,	8	,	12.60	);
INSERT INTO item_pedido (id_item_pedido, id_pedido, id_produto, qtd_comprada, vl_produto) VALUES(	73	,	50	,	12	,	19	,	3.50	);
INSERT INTO item_pedido (id_item_pedido, id_pedido, id_produto, qtd_comprada, vl_produto) VALUES(	74	,	44	,	1	,	18	,	2.99	);
INSERT INTO item_pedido (id_item_pedido, id_pedido, id_produto, qtd_comprada, vl_produto) VALUES(	75	,	19	,	11	,	14	,	2.50	);
INSERT INTO item_pedido (id_item_pedido, id_pedido, id_produto, qtd_comprada, vl_produto) VALUES(	76	,	32	,	6	,	16	,	25.00	);
INSERT INTO item_pedido (id_item_pedido, id_pedido, id_produto, qtd_comprada, vl_produto) VALUES(	77	,	37	,	7	,	16	,	12.60	);
INSERT INTO item_pedido (id_item_pedido, id_pedido, id_produto, qtd_comprada, vl_produto) VALUES(	78	,	34	,	7	,	18	,	12.60	);
INSERT INTO item_pedido (id_item_pedido, id_pedido, id_produto, qtd_comprada, vl_produto) VALUES(	79	,	25	,	11	,	14	,	2.50	);
INSERT INTO item_pedido (id_item_pedido, id_pedido, id_produto, qtd_comprada, vl_produto) VALUES(	80	,	17	,	9	,	4	,	199.99	);
INSERT INTO item_pedido (id_item_pedido, id_pedido, id_produto, qtd_comprada, vl_produto) VALUES(	81	,	39	,	15	,	1	,	5.99	);
INSERT INTO item_pedido (id_item_pedido, id_pedido, id_produto, qtd_comprada, vl_produto) VALUES(	82	,	17	,	7	,	9	,	12.60	);
INSERT INTO item_pedido (id_item_pedido, id_pedido, id_produto, qtd_comprada, vl_produto) VALUES(	83	,	42	,	6	,	20	,	25.00	);
INSERT INTO item_pedido (id_item_pedido, id_pedido, id_produto, qtd_comprada, vl_produto) VALUES(	84	,	32	,	3	,	11	,	1.99	);
INSERT INTO item_pedido (id_item_pedido, id_pedido, id_produto, qtd_comprada, vl_produto) VALUES(	85	,	5	,	7	,	15	,	12.60	);
INSERT INTO item_pedido (id_item_pedido, id_pedido, id_produto, qtd_comprada, vl_produto) VALUES(	86	,	9	,	4	,	21	,	2.00	);
INSERT INTO item_pedido (id_item_pedido, id_pedido, id_produto, qtd_comprada, vl_produto) VALUES(	87	,	9	,	4	,	5	,	2.00	);
INSERT INTO item_pedido (id_item_pedido, id_pedido, id_produto, qtd_comprada, vl_produto) VALUES(	88	,	28	,	13	,	23	,	5.90	);
INSERT INTO item_pedido (id_item_pedido, id_pedido, id_produto, qtd_comprada, vl_produto) VALUES(	89	,	7	,	9	,	25	,	199.99	);
INSERT INTO item_pedido (id_item_pedido, id_pedido, id_produto, qtd_comprada, vl_produto) VALUES(	90	,	6	,	2	,	5	,	75.50	);
INSERT INTO item_pedido (id_item_pedido, id_pedido, id_produto, qtd_comprada, vl_produto) VALUES(	91	,	48	,	2	,	16	,	75.50	);
INSERT INTO item_pedido (id_item_pedido, id_pedido, id_produto, qtd_comprada, vl_produto) VALUES(	92	,	5	,	11	,	5	,	2.50	);
INSERT INTO item_pedido (id_item_pedido, id_pedido, id_produto, qtd_comprada, vl_produto) VALUES(	93	,	23	,	10	,	17	,	16.75	);
INSERT INTO item_pedido (id_item_pedido, id_pedido, id_produto, qtd_comprada, vl_produto) VALUES(	94	,	13	,	4	,	22	,	2.00	);
INSERT INTO item_pedido (id_item_pedido, id_pedido, id_produto, qtd_comprada, vl_produto) VALUES(	95	,	12	,	10	,	1	,	16.75	);
INSERT INTO item_pedido (id_item_pedido, id_pedido, id_produto, qtd_comprada, vl_produto) VALUES(	96	,	17	,	8	,	19	,	15.99	);
INSERT INTO item_pedido (id_item_pedido, id_pedido, id_produto, qtd_comprada, vl_produto) VALUES(	97	,	19	,	15	,	1	,	5.99	);
INSERT INTO item_pedido (id_item_pedido, id_pedido, id_produto, qtd_comprada, vl_produto) VALUES(	98	,	37	,	10	,	19	,	16.75	);
INSERT INTO item_pedido (id_item_pedido, id_pedido, id_produto, qtd_comprada, vl_produto) VALUES(	99	,	10	,	13	,	2	,	5.90	);
INSERT INTO item_pedido (id_item_pedido, id_pedido, id_produto, qtd_comprada, vl_produto) VALUES(	100	,	29	,	3	,	25	,	1.99	);
INSERT INTO item_pedido (id_item_pedido, id_pedido, id_produto, qtd_comprada, vl_produto) VALUES(	101	,	3	,	3	,	2	,	1.99	);
INSERT INTO item_pedido (id_item_pedido, id_pedido, id_produto, qtd_comprada, vl_produto) VALUES(	102	,	4	,	6	,	3	,	25.00	);
INSERT INTO item_pedido (id_item_pedido, id_pedido, id_produto, qtd_comprada, vl_produto) VALUES(	103	,	11	,	14	,	19	,	1.50	);
INSERT INTO item_pedido (id_item_pedido, id_pedido, id_produto, qtd_comprada, vl_produto) VALUES(	104	,	22	,	12	,	14	,	3.50	);
INSERT INTO item_pedido (id_item_pedido, id_pedido, id_produto, qtd_comprada, vl_produto) VALUES(	105	,	24	,	15	,	5	,	5.99	);


INSERT INTO canal_venda (id_canal_venda, nm_canal_venda) values(1	,'Loja Física - 001');
INSERT INTO canal_venda (id_canal_venda, nm_canal_venda) values(2	,'Loja Física - 002');
INSERT INTO canal_venda (id_canal_venda, nm_canal_venda) values(3	,'Loja Física - 003');
INSERT INTO canal_venda (id_canal_venda, nm_canal_venda) values(4	,'Loja Física - 004');
INSERT INTO canal_venda (id_canal_venda, nm_canal_venda) values(5	,'Loja Física - 005');
INSERT INTO canal_venda (id_canal_venda, nm_canal_venda) values(6	,'Loja Física - 006');
INSERT INTO canal_venda (id_canal_venda, nm_canal_venda) values(7	,'Loja Física - 007');
INSERT INTO canal_venda (id_canal_venda, nm_canal_venda) values(8	,'Loja Física - 008');
INSERT INTO canal_venda (id_canal_venda, nm_canal_venda) values(9	,'Loja Física - 009');
INSERT INTO canal_venda (id_canal_venda, nm_canal_venda) values(10	,'Loja Física - 010');
INSERT INTO canal_venda (id_canal_venda, nm_canal_venda) values(11	,'E-commerce');

INSERT INTO produto (id_produto, nm_produto) VALUES(1,	'caneta');
INSERT INTO produto (id_produto, nm_produto) VALUES(2,	'livro');
INSERT INTO produto (id_produto, nm_produto) VALUES(3,	'lápis');
INSERT INTO produto (id_produto, nm_produto) VALUES(4,	'borracha');
INSERT INTO produto (id_produto, nm_produto) VALUES(5,	'apontador');
INSERT INTO produto (id_produto, nm_produto) VALUES(6,	'lápis de cor');
INSERT INTO produto (id_produto, nm_produto) VALUES(7,	'canetinha');
INSERT INTO produto (id_produto, nm_produto) VALUES(8,	'caderno');
INSERT INTO produto (id_produto, nm_produto) VALUES(9,	'mochila');
INSERT INTO produto (id_produto, nm_produto) VALUES(10,	'giz de cera');
INSERT INTO produto (id_produto, nm_produto) VALUES(11,	'régua');
INSERT INTO produto (id_produto, nm_produto) VALUES(12,	'tesoura');
INSERT INTO produto (id_produto, nm_produto) VALUES(13,	'estojo');
INSERT INTO produto (id_produto, nm_produto) VALUES(14,	'sulfite Branco');
INSERT INTO produto (id_produto, nm_produto) VALUES(15,	'pincel');

INSERT INTO metodo_pagamento (id_metodo_pagamento, nm_metodo_pagamento) VALUES(1, 'Dinheiro');
INSERT INTO metodo_pagamento (id_metodo_pagamento, nm_metodo_pagamento) VALUES(2, 'Pix');
INSERT INTO metodo_pagamento (id_metodo_pagamento, nm_metodo_pagamento) VALUES(3, 'Débito');
INSERT INTO metodo_pagamento (id_metodo_pagamento, nm_metodo_pagamento) VALUES(4, 'Crédito');
INSERT INTO metodo_pagamento (id_metodo_pagamento, nm_metodo_pagamento) VALUES(5, 'Cheque');